{
  "cacheBootResources": true,
  "config": [ ],
  "debugBuild": false,
  "entryAssembly": "STOlizza.Leto.Client",
  "icuDataMode": 0,
  "linkerEnabled": true,
  "resources": {
    "assembly": {
      "Microsoft.AspNetCore.Components.dll": "sha256-8MJ54FwZEVfUQnUgWssHpasfKGVnHcuECjUeqak34Tk=",
      "Microsoft.AspNetCore.Components.Forms.dll": "sha256-8iUwGpLikR9Mx9w64yPDFFz4e3qnDnQhanaJnbQ0bYI=",
      "Microsoft.AspNetCore.Components.Web.dll": "sha256-mjDVelqTQc7F2Rx8XCAsquKgdRymKGM84eLlRne7yJc=",
      "Microsoft.AspNetCore.Components.WebAssembly.dll": "sha256-MDAYjcK6GEBwxSJL4MjAUBpVmFUAd3uESRUn6p34y80=",
      "Microsoft.Extensions.Configuration.Abstractions.dll": "sha256-Yd5HWoJ8z3pGHLdLRk56mDLrXa7AkXv9+C\/CdwnvOCk=",
      "Microsoft.Extensions.Configuration.dll": "sha256-qBPk1O\/mfd\/P9kDywnOU5wZ7vka6iecseJsfIp04HMY=",
      "Microsoft.Extensions.Configuration.Json.dll": "sha256-MbxbzG2GzywDGen8OXrqfaPkZNcCTaoxCseLZAzKH2A=",
      "Microsoft.Extensions.DependencyInjection.Abstractions.dll": "sha256-JNNmk57u0\/LjCJerRbbKhKBVOWaMJIf9l4F8iWBa6Zg=",
      "Microsoft.Extensions.DependencyInjection.dll": "sha256-azTt1JLi4RL0qaUPW8um+3BlO1IxYfZUaUP+kmJ6E6Y=",
      "Microsoft.Extensions.Logging.Abstractions.dll": "sha256-pKXiPTIu6Rm1hMwWP0CgFmjkHNDWp7U2V67O1H+OFf8=",
      "Microsoft.Extensions.Logging.dll": "sha256-rGXa3leYNXH\/Cu3cszLotzdH8tyAVGZWAnSc7iI3kV4=",
      "Microsoft.Extensions.Options.dll": "sha256-5MO6w0kABIk2QL1SsZHGMeBoI3OnFe7WS9oMqwbE4Ps=",
      "Microsoft.Extensions.Primitives.dll": "sha256-QRewYnpJ6vl8gGMXBS2gN++\/sQ9hKcuv+rhy586Bbxs=",
      "Microsoft.JSInterop.dll": "sha256-V9Y1rDy7IWkkyg1CzmXMOJU1igy715LSNZ9lytlUnkw=",
      "Microsoft.JSInterop.WebAssembly.dll": "sha256-P\/aA0F4pkO1ASW2eKv8uwrcDL16qB90zC93nhd6kXUo=",
      "MudBlazor.dll": "sha256-s0WHnRRoZ6YY0XCVUAJ6LLTYbP816axc6zGFAVpaL88=",
      "STOlizza.Leto.Client.dll": "sha256-WwqLUjOyLBnkpvRROF2yZpTActlwy30gEC\/6sOivdig=",
      "STOlizza.Leto.Shared.dll": "sha256-vlF\/Zl2A3O36HjD9XBBWaeKhGOfltJ7+GhuXytTsYlo=",
      "System.Collections.Concurrent.dll": "sha256-KoXZTfrl2SljJf6CLlznazmYvIIEuIbj9JrKuWp0kjU=",
      "System.Collections.dll": "sha256-dWoZ\/mnLyoCJg7mrVw8a95XpJlHrv7Lt8XdzPXGdb3o=",
      "System.Collections.Specialized.dll": "sha256-Kt+gQQ7uT2oEr3xJWHeQKLcIkK7J5PgPCklV4sUrA28=",
      "System.ComponentModel.Annotations.dll": "sha256-1A1DzonIZ6JFwB\/0U+I8JOHpxP7+PMtcrmN+kcthmkw=",
      "System.ComponentModel.dll": "sha256-fEbIyi+GOj\/xghaOcdUriigSIwifc\/khw5NpL6IA8Fw=",
      "System.ComponentModel.Primitives.dll": "sha256-8YBn1pfnDi8xDwLLs8U\/11R66k85CrKCwVc9Pr7sIKw=",
      "System.ComponentModel.TypeConverter.dll": "sha256-Y4kuGJhj7A6hyzytEbcCVCYpS5NznOUhwJuugs3leGs=",
      "System.Console.dll": "sha256-lbUy2bHLne8KiZQfxpB8BtjbdtjKOR11uRcVOa00ejE=",
      "System.dll": "sha256-pr\/4WLvBBCvxdVAso3JNB\/yJozs9Gv44DkZeMqrKu9M=",
      "System.Linq.dll": "sha256-AVWuMYuIhoj8ESw4zgKnvga78iCwzovHA1SHDqLBfCI=",
      "System.Linq.Expressions.dll": "sha256-uvrNjVM8ek2PchdjPSG4qKY6b4VpNIYg0V0+qbNWO7o=",
      "System.Memory.dll": "sha256-VdACWV0DzbAYqNuXBHSUYcSWXiT8FJb1gHUYjgJQXRk=",
      "System.Net.Http.dll": "sha256-zL+CgH9rpq2BxZSFHYLy7t\/8hPkdlJf1ha0Kw8Yb924=",
      "System.Net.Http.Json.dll": "sha256-\/kQroYfOegsmjtQvFkMjqJULD\/EiK3T1jUkq4SshJPo=",
      "System.Net.Primitives.dll": "sha256-M6BOscEiWoPCfoxMByEtyeGnp9eyQgV+D1ERhclc1As=",
      "System.ObjectModel.dll": "sha256-SdQVyW8QqIghm9hj0tAWe2fb5vlQavtTJG7APBXqX9g=",
      "System.Private.CoreLib.dll": "sha256-C24r72YnUAFixNLeqQj0wS+JYDoXMBafhURks57oizc=",
      "System.Private.Runtime.InteropServices.JavaScript.dll": "sha256-7wapOC8\/JWb1TyfVM4bHTqOUw+u904mvhaJ0xwBUyLk=",
      "System.Private.Uri.dll": "sha256-bGsvXcacfVgUW7PypNjL40T3TapQeKLh24GDIafT+aM=",
      "System.Runtime.CompilerServices.Unsafe.dll": "sha256-SLPSg6cRPKsk\/4UdjX6G8hFrR+lH\/NwW0DoMDg6ML\/I=",
      "System.Runtime.dll": "sha256-1XewZ\/XtnkQWGTHXIjUCRc7gDXx8Fd4R6JjOWMqsjpU=",
      "System.Text.Encodings.Web.dll": "sha256-Qw5bAWL\/7xTkfmzjNc8\/NV4scrR5dlkBJpnR0AS0syk=",
      "System.Text.Json.dll": "sha256-BM38xx8+9QpzY6pDpc0kDvZWclMTksY36S8uru1XOmI=",
      "System.Text.RegularExpressions.dll": "sha256-U7F81MDqV37zX1A5Y1IuHgMAzGQLtGUOx5NNz4eSCuM=",
      "System.Threading.Thread.dll": "sha256-EC8mHu\/Oy+m2bbtKV3VwZD8rb7f0piY9M8EK2bdc9VU="
    },
    "extensions": null,
    "lazyAssembly": null,
    "libraryInitializers": null,
    "pdb": null,
    "runtime": {
      "dotnet.6.0.16.q21uupog01.js": "sha256-EceS4ARe\/z9iKWMhlt1mM2X49Bz1NyuKyBc72LC1sY4=",
      "dotnet.timezones.blat": "sha256-u8KbOjPcD2\/Pcbb0HaYyOuxEMMBYBUoicERKuSq9KMU=",
      "dotnet.wasm": "sha256-VMwy7\/rFvHxIvbcyZfQgNUo+Bu55AKK5+AQWkog\/N3w=",
      "icudt_CJK.dat": "sha256-WPyI4hWDPnOw62Nr27FkzGjdbucZnQD+Ph+GOPhAedw=",
      "icudt_EFIGS.dat": "sha256-4RwaPx87Z4dvn77ie\/ro3\/QzyS+\/gGmO3Y\/0CSAXw4k=",
      "icudt_no_CJK.dat": "sha256-OxylFgLJlFqixsj+nLxYVsv5iZLvfIKMpLf9hrWaChA=",
      "icudt.dat": "sha256-Zuq0dWAsBm6\/2lSOsz7+H9PvFaRn61KIXHMMwXDfvyE="
    },
    "runtimeAssets": {
      "dotnet.wasm": {
        "behavior": "dotnetwasm",
        "hash": "sha256-VMwy7\/rFvHxIvbcyZfQgNUo+Bu55AKK5+AQWkog\/N3w="
      }
    },
    "satelliteResources": null
  }
}